timestamp,activity,details,status,updated_by
2024-08-26T00:05:00Z,team_setup,Scraping team infrastructure creation started,in_progress,senior_manager
2024-08-26T00:06:00Z,context_creation,team-context.md created with mission and goals,completed,senior_manager
2024-08-26T00:07:00Z,memory_initialization,team-memory.md created with scraping best practices and patterns,completed,senior_manager
2024-08-26T00:08:00Z,tools_documentation,team-tools.md created with Puppeteer and Cheerio workflows,completed,senior_manager
2024-08-26T00:09:00Z,compliance_framework,Established respectful scraping protocols and legal guidelines,completed,senior_manager
2024-08-26T00:10:00Z,team_readiness,Scraping team ready for project assignment from leadership,ready,senior_manager
2024-08-26T00:15:00Z,project_assignment,Received flexible office space scraper project specification,assigned,senior_manager
2024-08-26T00:20:00Z,infrastructure_setup,Created Node.js project with TypeScript and all required dependencies,completed,scraping_team_lead
2024-08-26T00:25:00Z,database_design,Designed comprehensive office-first Prisma schema with 15 models,completed,scraping_team_lead
2024-08-26T00:30:00Z,docker_setup,Created Docker Compose for PostgreSQL and Redis services,completed,scraping_team_lead
2024-08-26T00:35:00Z,project_structure,Established directory structure for 11-agent architecture,completed,scraping_team_lead
2024-08-26T00:40:00Z,core_utilities,Built database, queue, scraper, and storage utilities,completed,scraping_team_lead
2024-08-26T00:45:00Z,domain_discovery_agent,Implemented Domain Discovery Agent with search capabilities,completed,scraping_team_lead
2024-08-26T00:50:00Z,domain_verification_agent,Implemented Domain Verification Agent with brand matching,completed,scraping_team_lead
2024-08-26T00:55:00Z,cli_interface,Created comprehensive CLI interface with multiple commands,completed,scraping_team_lead
2024-08-26T01:00:00Z,operator_data_received,Received comprehensive list of flexible office operators from Levi,received,scraping_team_lead
2024-08-26T16:45:00Z,import_fixes,Fixed ES module import issues for BullMQ axios Playwright and tldts,completed,scraping_team_lead
2024-08-26T16:50:00Z,database_migration,Migrated from PostgreSQL to SQLite for development configured schema for arrays as JSON,completed,scraping_team_lead
2024-08-26T16:52:00Z,operators_csv_created,Created operators.csv with 40 flexible office operators from provided data,completed,scraping_team_lead
2024-08-26T16:55:00Z,operators_loaded,Successfully loaded all 40 operators into SQLite database via CLI command,completed,scraping_team_lead
2024-08-26T16:57:00Z,system_verification,Verified database health and confirmed 40 operators ready for domain discovery,completed,scraping_team_lead
2024-08-26T17:00:00Z,infrastructure_complete,Flexible office scraper system fully operational and ready for domain discovery pipeline,operational,scraping_team_lead
2024-08-26T17:15:00Z,context_evolution,Updated team memory with live operational insights and production architecture patterns,completed,scraping_team_lead
2024-08-26T17:20:00Z,tools_expansion,Enhanced team tools documentation with multi-agent operational procedures,completed,scraping_team_lead
2024-08-26T17:25:00Z,team_expansion_planning,Updated team context with current operational status and expansion roadmap,completed,scraping_team_lead
2024-08-26T17:27:00Z,agent_expansion_planned,Defined 4 additional agents for complete pipeline Page-Scraping Office-Extraction Website-Monitoring Data-Quality,planned,scraping_team_lead
2025-08-27T10:04:00Z,strategic_consultation,Consulted 3 sub-agents for unified strategic planning - all recommended completing domain pipeline first,completed,scraping_team_lead
2025-08-27T10:05:00Z,capabilities_documentation,Created Claude capabilities index with comprehensive AI capability documentation,completed,scraping_team_lead
2025-08-27T10:06:00Z,domain_discovery_execution,Fixed schema mismatch and initiated domain discovery pipeline for first 10 operators,completed,scraping_team_lead
2025-08-27T10:08:00Z,verification_pipeline_proven,Successfully executed end-to-end verification pipeline with 80% success rate 4/5 domains verified,completed,scraping_team_lead
2025-08-27T10:08:30Z,website_records_created,Created 4 verified website records with 90-95% confidence scores operational proof-of-concept achieved,completed,scraping_team_lead
2025-08-27T10:08:45Z,system_permissions_configured,Established auto-approval permissions for all logging and context updates per Levi's directive,completed,scraping_team_lead