timestamp,level,team,activity,details,status,updated_by
2024-08-26T00:00:00Z,company,infrastructure,Company framework creation started,Initial company structure and documentation setup,in_progress,senior_manager
2024-08-26T00:01:00Z,company,infrastructure,Directory structure created,Created company/ teams/ logs/ tools/ directories,completed,senior_manager
2024-08-26T00:02:00Z,company,infrastructure,Company context established,company-context.md created with mission and current state,completed,senior_manager
2024-08-26T00:03:00Z,company,infrastructure,Company memory initialized,company-memory.md created with lessons learned and patterns,completed,senior_manager
2024-08-26T00:04:00Z,company,infrastructure,Team template system created,Complete team template system with guides and templates,completed,senior_manager
2024-08-26T00:05:00Z,team,scraping-team,Scraping team setup initiated,Created scraping team directory and core files,completed,senior_manager
2024-08-26T00:06:00Z,team,scraping-team,Scraping team context established,team-context.md with mission and current projects,completed,senior_manager
2024-08-26T00:07:00Z,team,scraping-team,Scraping team memory created,team-memory.md with best practices and patterns,completed,senior_manager
2024-08-26T00:08:00Z,team,scraping-team,Scraping team tools documented,team-tools.md with Puppeteer and Cheerio workflows,completed,senior_manager
2024-08-26T00:09:00Z,team,scraping-team,Scraping team ready,Complete scraping team infrastructure ready for assignments,ready,senior_manager
2024-08-26T00:10:00Z,company,infrastructure,Navigation system created,company-commands.md with full navigation and access patterns,completed,senior_manager
2024-08-26T00:15:00Z,project,scraping-team,Flexible office scraper project assigned,Comprehensive SaaS platform project specification received from Levi,assigned,senior_manager
2024-08-26T00:20:00Z,project,scraping-team,Infrastructure setup completed,Node.js TypeScript project with all dependencies created,completed,scraping_team_lead
2024-08-26T00:25:00Z,project,scraping-team,Database schema designed,Office-first Prisma schema with 15 models for comprehensive data capture,completed,scraping_team_lead
2024-08-26T00:30:00Z,project,scraping-team,Container services configured,Docker Compose with PostgreSQL and Redis for production scalability,completed,scraping_team_lead
2024-08-26T00:40:00Z,project,scraping-team,Core utilities implemented,Database queue scraper and storage utilities with comprehensive tooling,completed,scraping_team_lead
2024-08-26T00:45:00Z,project,scraping-team,Domain Discovery Agent deployed,Multi-strategy domain discovery with search and domain guessing capabilities,completed,scraping_team_lead
2024-08-26T00:50:00Z,project,scraping-team,Domain Verification Agent deployed,Comprehensive brand matching and business signal verification system,completed,scraping_team_lead
2024-08-26T00:55:00Z,project,scraping-team,CLI interface completed,Full command-line interface with pipeline orchestration and batch processing,completed,scraping_team_lead
2024-08-26T16:45:00Z,project,scraping-team,Production issues resolved,Fixed ES module imports and migrated to SQLite for immediate deployment,completed,scraping_team_lead
2024-08-26T16:55:00Z,project,scraping-team,Operator data processed,Successfully loaded 40 flexible office operators into operational database,completed,scraping_team_lead
2024-08-26T17:00:00Z,project,scraping-team,System operational,Flexible office scraper fully deployed and ready for domain discovery pipeline,operational,scraping_team_lead
2025-08-27T10:04:00Z,strategy,company,Strategic planning consultation,Consulted 3 specialized sub-agents for unified strategic recommendations,completed,senior_manager
2025-08-27T10:05:00Z,documentation,company,Claude capabilities documented,Created comprehensive Claude Code capabilities index for company reference,completed,senior_manager
2025-08-27T10:06:00Z,execution,scraping-team,Domain discovery pipeline initiated,Fixed schema issues and started domain discovery for first 10 operators,completed,scraping_team_lead
2025-08-27T10:08:00Z,milestone,scraping-team,End-to-end pipeline proven,Successfully verified 4/5 domains with 90-95% confidence - operational proof-of-concept achieved,completed,scraping_team_lead
2025-08-27T10:08:30Z,operational,scraping-team,Website records created,4 verified websites operational ready for next phase scaling,completed,scraping_team_lead
2025-08-27T10:08:45Z,configuration,company,System permissions configured,Auto-approval established for all logging and documentation per leadership directive,completed,senior_manager